September 2026,,,,,,
,,,,,,
,,,,,,
3.74,Eating Out,Impulse,Morning,Tuesday,36,09/01/2026
162.74,Clothing,Necessary,Morning,Tuesday,36,09/01/2026
14.02,Cooking/Groceries,Necessary,Morning,Wednesday,36,09/02/2026
21.54,Transportation,Necessary,Morning,Wednesday,36,09/02/2026
6.38,Eating Out,Impulse,Morning,Wednesday,36,09/02/2026
2.79,Eating Out,Impulse,Morning,Wednesday,36,09/02/2026
26,Beauty/Grooming,Necessary,Morning,Wednesday,36,09/02/2026
10.69,Eating Out,Impulse,Morning,Thursday,36,09/03/2026
43.08,Transportation,Necessary,Morning,Thursday,36,09/03/2026
3.74,Eating Out,Necessary,Morning,Thursday,36,09/03/2026
14.92,Cooking/Groceries,Social,Morning,Friday,36,09/04/2026
9.69,Utilities,Necessary,Morning,Friday,36,09/04/2026
4.04,Eating Out,Impulse,Morning,Friday,36,09/04/2026
111.24,Projects,Social,Morning,Sunday,37,09/06/2026
4.38,Projects,Social,Morning,Monday,37,09/07/2026
36.4,Transportation,Necessary,Morning,Monday,37,09/07/2026
83.96,Travel/Adventure,Family,Morning,Monday,37,09/07/2026
15,Transportation,Necessary,Morning,Monday,37,09/07/2026
8.12,Eating Out,Impulse,Morning,Monday,37,09/07/2026
14.97,Eating Out,Impulse,Morning,Monday,37,09/07/2026
10,Eating Out,Impulse,Morning,Tuesday,37,09/08/2026
81.36,Clothing,Social,Morning,Tuesday,37,09/08/2026
2.99,Eating Out,Impulse,Morning,Tuesday,37,09/08/2026
15.31,Cooking/Groceries,Necessary,Morning,Tuesday,37,09/08/2026
5.28,Eating Out,Impulse,Morning,Wednesday,37,09/09/2026
15.11,Eating Out,Impulse,Morning,Thursday,37,09/10/2026
43.28,Transportation,Necessary,Morning,Thursday,37,09/10/2026
2.79,Eating Out,Impulse,Morning,Thursday,37,09/10/2026
31.31,Eating Out,Social,Morning,Thursday,37,09/10/2026
2.79,Eating Out,Impulse,Morning,Friday,37,09/11/2026
3.02,Eating Out,Impulse,Morning,Saturday,37,09/12/2026
24.74,Projects,Social,Morning,Saturday,37,09/12/2026
25.96,Cooking/Groceries,Necessary,Morning,Saturday,37,09/12/2026
6.05,Eating Out,Impulse,Morning,Sunday,38,09/13/2026
20.09,Cooking/Groceries,Impulse,Evening,Sunday,38,9/13/2026 21:16:42
3.73,Eating Out,Necessary,Evening,Monday,38,9/14/2026 17:54:52
2.79,Eating Out,Impulse,Morning,Tuesday,38,9/15/2026 8:12:09
2.79,Eating Out,Impulse,Morning,Wednesday,38,9/16/2026 8:06:04
13,Projects,Necessary,Morning,Thursday,38,9/17/2026 7:40:07
12,Cooking/Groceries,Impulse,Morning,Thursday,38,9/17/2026 7:40:07
4.39,Eating Out,Impulse,Morning,Thursday,38,9/17/2026 11:46:07
27,Beauty/Grooming,Necessary,Afternoon,Thursday,38,9/17/2026 15:29:19
34.7,Transportation,Necessary,Morning,Friday,38,9/18/2026 8:55:57
1.99,Eating Out,Impulse,Morning,Friday,38,9/18/2026 8:56:07
3.26,Eating Out,Impulse,Morning,Friday,38,9/18/2026 10:05:08
18.86,Cooking/Groceries,Social,Evening,Monday,39,9/21/2026 17:53:07
80,Cooking/Groceries,Social,Evening,Monday,39,9/21/2026 17:53:40
7,Cooking/Groceries,Social,Evening,Monday,39,9/21/2026 17:55:10
12.92,Cooking/Groceries,Social,Evening,Monday,39,9/21/2026 17:55:43
19.92,Projects,Social,Evening,Monday,39,9/21/2026 17:56:02
18.08,Cooking/Groceries,Social,Evening,Monday,39,9/21/2026 17:56:11
32.56,Transportation,Necessary,Evening,Monday,39,9/21/2026 17:57:14
3.08,Eating Out,Necessary,Evening,Monday,39,9/21/2026 17:57:26
8.11,Eating Out,Necessary,Evening,Monday,39,9/21/2026 17:58:05
5,Eating Out,Impulse,Evening,Monday,39,9/21/2026 17:58:15
20.17,Eating Out,Social,Evening,Monday,39,9/21/2026 19:30:00
8.49,Cooking/Groceries,Necessary,Afternoon,Wednesday,39,9/23/2026 13:31:00
4.8,Eating Out,Impulse,Afternoon,Wednesday,39,9/23/2026 13:31:36
7.68,Eating Out,Impulse,Morning,Tuesday,40,9/29/2026 7:37:59
5.45,Eating Out,Impulse,Morning,Tuesday,40,9/29/2026 7:39:34
35.38,Transportation,Social,Morning,Tuesday,40,9/29/2026 7:39:50
5.28,Eating Out,Impulse,Morning,Tuesday,40,9/29/2026 7:40:01
181,Travel/Adventure,Social,Morning,Tuesday,40,9/29/2026 7:40:32
5.39,Eating Out,Impulse,Morning,Tuesday,40,9/29/2026 7:40:49
2.79,Eating Out,Impulse,Morning,Tuesday,40,9/29/2026 8:05:03
20.4,Transportation,Necessary,Afternoon,Tuesday,40,9/29/2026 15:51:34
150,Other,Necessary,Morning,Wednesday,40,9/30/2026 6:02:20
10,Eating Out,Social,Morning,Wednesday,40,9/30/2026 8:06:10